Sunny,Partly Cloudy
Partly Cloudy,Cloudy
Cloudy,Rainy
Rainy,Thunderstorm
Thunderstorm,Cloudy
Cloudy,Sunny
Sunny,Foggy
Foggy,Partly Cloudy
Partly Cloudy,Sunny
Sunny,Snowy
Snowy,Cloudy
Cloudy,Rainy
Rainy,Sunny
Sunny,Partly Cloudy
Partly Cloudy,Thunderstorm
Thunderstorm,Rainy
Rainy,Foggy
Foggy,Cloudy
Cloudy,Sunny
Sunny,Snowy
Snowy,Partly Cloudy
Partly Cloudy,Rainy
Rainy,Thunderstorm
Thunderstorm,Sunny
Sunny,Cloudy
Cloudy,Foggy
Foggy,Partly Cloudy
Partly Cloudy,Sunny
Sunny,Rainy
Rainy,Cloudy
Cloudy,Snowy
Snowy,Sunny
Sunny,Thunderstorm
Thunderstorm,Rainy
Rainy,Foggy
Foggy,Cloudy
Cloudy,Partly Cloudy
Partly Cloudy,Sunny
Sunny,Snowy
Snowy,Rainy
Rainy,Thunderstorm
Thunderstorm,Cloudy
Cloudy,Sunny
Sunny,Foggy
Foggy,Partly Cloudy
Partly Cloudy,Rainy
Rainy,Sunny
Sunny,Cloudy
Cloudy,Snowy
Snowy,Thunderstorm
Thunderstorm,Rainy
Rainy,Foggy
Foggy,Sunny
Sunny,Partly Cloudy
Partly Cloudy,Cloudy
Cloudy,Rainy
Rainy,Sunny
Sunny,Thunderstorm
Thunderstorm,Foggy
Foggy,Snowy
Snowy,Cloudy
Cloudy,Partly Cloudy
Partly Cloudy,Sunny
Sunny,Rainy
Rainy,Thunderstorm
Thunderstorm,Cloudy
Cloudy,Foggy
Foggy,Sunny
Sunny,Snowy
Snowy,Partly Cloudy
Partly Cloudy,Rainy
Rainy,Cloudy
Cloudy,Sunny
Sunny,Thunderstorm
Thunderstorm,Foggy
Foggy,Snowy
Snowy,Rainy
Rainy,Partly Cloudy
Partly Cloudy,Cloudy
Cloudy,Sunny
Sunny,Foggy
Foggy,Thunderstorm
Thunderstorm,Rainy
Rainy,Snowy
Snowy,Cloudy
Cloudy,Partly Cloudy
Partly Cloudy,Sunny
Sunny,Rainy
Rainy,Foggy
Foggy,Cloudy
Cloudy,Thunderstorm
Thunderstorm,Sunny
Sunny,Snowy
Snowy,Partly Cloudy
Partly Cloudy,Rainy
Rainy,Cloudy
Cloudy,Sunny
Sunny,Foggy